{
  "categories": {
    "harassment": false,
    "harassment_threatening": false,
    "hate": false,
    "hate_threatening": false,
    "illicit": null,
    "illicit_violent": null,
    "self_harm": false,
    "self_harm_instructions": false,
    "self_harm_intent": false,
    "sexual": false,
    "sexual_minors": false,
    "violence": false,
    "violence_graphic": false,
    "self-harm": false,
    "sexual/minors": false,
    "hate/threatening": false,
    "violence/graphic": false,
    "self-harm/intent": false,
    "self-harm/instructions": false,
    "harassment/threatening": false
  },
  "category_applied_input_types": null,
  "category_scores": {
    "harassment": 2.7538448193809018e-05,
    "harassment_threatening": 1.0027501048170961e-05,
    "hate": 7.322219516936457e-06,
    "hate_threatening": 2.0518427845672704e-06,
    "illicit": null,
    "illicit_violent": null,
    "self_harm": 1.316354996561131e-06,
    "self_harm_instructions": 3.7815041764588386e-07,
    "self_harm_intent": 2.0813874925806886e-06,
    "sexual": 0.00015430862549692392,
    "sexual_minors": 1.1830428775283508e-05,
    "violence": 0.0003043656761292368,
    "violence_graphic": 1.5155804248934146e-05,
    "self-harm": 1.316354996561131e-06,
    "sexual/minors": 1.1830428775283508e-05,
    "hate/threatening": 2.0518427845672704e-06,
    "violence/graphic": 1.5155804248934146e-05,
    "self-harm/intent": 2.0813874925806886e-06,
    "self-harm/instructions": 3.7815041764588386e-07,
    "harassment/threatening": 1.0027501048170961e-05
  },
  "flagged": false
}