{
  "categories": {
    "harassment": false,
    "harassment_threatening": false,
    "hate": false,
    "hate_threatening": false,
    "illicit": null,
    "illicit_violent": null,
    "self_harm": false,
    "self_harm_instructions": false,
    "self_harm_intent": false,
    "sexual": false,
    "sexual_minors": false,
    "violence": false,
    "violence_graphic": false,
    "self-harm": false,
    "sexual/minors": false,
    "hate/threatening": false,
    "violence/graphic": false,
    "self-harm/intent": false,
    "self-harm/instructions": false,
    "harassment/threatening": false
  },
  "category_applied_input_types": null,
  "category_scores": {
    "harassment": 0.022769052535295486,
    "harassment_threatening": 0.009040839038789272,
    "hate": 0.00036696629831567407,
    "hate_threatening": 1.4994602679507807e-05,
    "illicit": null,
    "illicit_violent": null,
    "self_harm": 6.866983767395141e-06,
    "self_harm_instructions": 5.113003567203123e-07,
    "self_harm_intent": 2.1624703094857978e-06,
    "sexual": 0.0003581193450372666,
    "sexual_minors": 0.0005448768497444689,
    "violence": 0.04180335998535156,
    "violence_graphic": 0.0001435620797565207,
    "self-harm": 6.866983767395141e-06,
    "sexual/minors": 0.0005448768497444689,
    "hate/threatening": 1.4994602679507807e-05,
    "violence/graphic": 0.0001435620797565207,
    "self-harm/intent": 2.1624703094857978e-06,
    "self-harm/instructions": 5.113003567203123e-07,
    "harassment/threatening": 0.009040839038789272
  },
  "flagged": false
}