{
  "categories": {
    "harassment": false,
    "harassment_threatening": false,
    "hate": false,
    "hate_threatening": false,
    "illicit": null,
    "illicit_violent": null,
    "self_harm": false,
    "self_harm_instructions": false,
    "self_harm_intent": false,
    "sexual": false,
    "sexual_minors": false,
    "violence": false,
    "violence_graphic": false,
    "self-harm": false,
    "sexual/minors": false,
    "hate/threatening": false,
    "violence/graphic": false,
    "self-harm/intent": false,
    "self-harm/instructions": false,
    "harassment/threatening": false
  },
  "category_applied_input_types": null,
  "category_scores": {
    "harassment": 0.022782009094953537,
    "harassment_threatening": 0.008973886258900166,
    "hate": 0.0003647550183814019,
    "hate_threatening": 1.483007781644119e-05,
    "illicit": null,
    "illicit_violent": null,
    "self_harm": 6.878322892589495e-06,
    "self_harm_instructions": 5.128166549184243e-07,
    "self_harm_intent": 2.1497321540664416e-06,
    "sexual": 0.0003659033100120723,
    "sexual_minors": 0.000550493597984314,
    "violence": 0.04231981560587883,
    "violence_graphic": 0.0001422608329448849,
    "self-harm": 6.878322892589495e-06,
    "sexual/minors": 0.000550493597984314,
    "hate/threatening": 1.483007781644119e-05,
    "violence/graphic": 0.0001422608329448849,
    "self-harm/intent": 2.1497321540664416e-06,
    "self-harm/instructions": 5.128166549184243e-07,
    "harassment/threatening": 0.008973886258900166
  },
  "flagged": false
}